﻿"Title","Category","Topics","Content","Published Date","Author","Featured Image","SEO Description","ID","Created Date","Updated Date","Owner"
"The Future of Finance: AI, Blockchain, and Sustainable Investing","Fintech & Innovation","Fintech, AI, Blockchain, Sustainable Investing, ESG, Innovation","The financial industry is undergoing a profound transformation, driven by groundbreaking innovations in artificial intelligence, blockchain technology, and the growing imperative of sustainable investing. Aurion Global Investments is at the forefront of this evolution, integrating cutting-edge fintech solutions and robust ESG (Environmental, Social, and Governance) frameworks into our investment strategies. We leverage AI-driven analytics for predictive insights, explore blockchain for enhanced security and efficiency, and champion sustainable investments that align with both financial performance and global responsibility. Stay ahead of the curve with our forward-thinking approach to the future of finance.",2024-05-05T16:00:00Z,"David Kim","https://static.wixstatic.com/media/8a5a87_4a9ace81a88b423b824e6c4fca5f75f6~mv2.png?originWidth=640&originHeight=640","Explore how AI, blockchain, and sustainable investing are shaping the future of finance and investment strategies.","1f92a2c4-1a8c-4f8b-9461-df894ae7d633",2025-09-06T18:45:33Z,2025-09-06T18:45:33Z,"8a5a87b5-4259-4e70-a4b4-48996f9cdc1d"
"Emerging Markets: Unlocking Untapped Potential for High Returns","Global Opportunities","Emerging Markets, Growth Potential, Global Investment, Frontier Markets, Risk Management","The world's emerging markets represent a frontier of unparalleled investment opportunities, driven by rapid economic growth, demographic shifts, and technological adoption. Aurion Global Investments possesses deep expertise in identifying and navigating these dynamic landscapes, offering our clients exclusive access to high-growth sectors and companies in regions poised for significant expansion. While these markets present unique considerations, our rigorous due diligence and sophisticated risk management frameworks ensure that potential rewards are maximized while mitigating exposure. Partner with us to unlock the untapped potential of emerging and frontier markets.",2024-05-22T11:15:00Z,"Sophia Chen","https://static.wixstatic.com/media/8a5a87_fae80eb35ef04cbcb555e8a70730b7c8~mv2.png?originWidth=640&originHeight=640","Discover high-return investment opportunities in emerging markets with Aurion Global Investments' expert analysis and risk management.","3493516c-79b4-40dc-b5c8-04fe6f79cb40",2025-09-06T18:45:33Z,2025-09-06T18:45:33Z,"8a5a87b5-4259-4e70-a4b4-48996f9cdc1d"
"Navigating Global Market Volatility: A Strategic Approach","Market Analysis","Global Markets, Volatility, Investment Strategy, Economic Outlook","In an increasingly interconnected world, global market volatility presents both challenges and unparalleled opportunities for discerning investors. Aurion Global Investments employs a sophisticated, data-driven approach to identify and capitalize on these shifts, ensuring our clients' portfolios are not only resilient but poised for significant growth. Our latest analysis delves into the geopolitical factors, technological advancements, and shifting consumer behaviors that are reshaping the financial landscape. We provide actionable insights on how to rebalance portfolios, identify undervalued assets, and leverage emerging trends to secure superior returns amidst uncertainty. Trust in our expertise to transform market fluctuations into strategic advantages.",2024-07-15T10:30:00Z,"Dr. Alistair Finch","https://static.wixstatic.com/media/8a5a87_8edf36e434a945af888afbd3bad5c877~mv2.png?originWidth=640&originHeight=640","Expert insights on navigating global market volatility with strategic investment approaches for high-net-worth individuals.","39f75ba4-82d3-4ac4-9b92-d7ee5832b813",2025-09-06T18:45:33Z,2025-09-06T18:45:33Z,"8a5a87b5-4259-4e70-a4b4-48996f9cdc1d"
"Wealth Preservation in a Dynamic Economy: Legacy Planning for Generations","Wealth Management","Wealth Preservation, Legacy Planning, Estate Planning, Philanthropy, Intergenerational Wealth","True wealth extends beyond mere accumulation; it encompasses the strategic preservation and thoughtful transfer of assets across generations. Aurion Global Investments provides comprehensive wealth preservation and legacy planning services designed to safeguard your financial future and ensure your values endure. Our bespoke solutions include advanced estate planning, philanthropic advisory, and intergenerational wealth transfer strategies, all tailored to your unique family dynamics and long-term aspirations. We work closely with legal and tax experts to create a seamless framework that protects your legacy and empowers future generations. Secure your family's prosperity with our expert guidance.",2024-06-10T09:45:00Z,"Marcus Thorne","https://static.wixstatic.com/media/8a5a87_90312cda36d84fdfaf91f9ca9ece277f~mv2.png?originWidth=640&originHeight=640","Learn about strategic wealth preservation and legacy planning for high-net-worth individuals to secure intergenerational prosperity.","971d5618-f2b8-4fb3-8137-abc0fb629ebd",2025-09-06T18:45:33Z,2025-09-06T18:45:33Z,"8a5a87b5-4259-4e70-a4b4-48996f9cdc1d"
"The Rise of Alternative Investments: Beyond Traditional Portfolios","Investment Trends","Alternative Investments, Private Equity, Hedge Funds, Real Estate, Diversification","For elite investors seeking to optimize returns and enhance portfolio diversification, alternative investments have become an indispensable component of a robust strategy. Aurion Global Investments offers exclusive access to a curated selection of private equity deals, sophisticated hedge funds, luxury real estate ventures, and innovative infrastructure projects. These opportunities, often inaccessible to the general public, provide uncorrelated returns and significant long-term growth potential. Our specialists guide clients through the complexities of these unique asset classes, ensuring alignment with their financial objectives and risk appetite. Discover how alternative investments can elevate your wealth management strategy.",2024-06-28T14:00:00Z,"Isabella Rossi","https://static.wixstatic.com/media/8a5a87_727b77dc74b249279b660640b5f1f9b1~mv2.png?originWidth=640&originHeight=640","Explore the benefits of alternative investments like private equity and real estate for enhanced portfolio diversification and returns.","c725268b-609c-424d-8d60-35a952ecdf78",2025-09-06T18:45:33Z,2025-09-06T18:45:33Z,"8a5a87b5-4259-4e70-a4b4-48996f9cdc1d"
"Optimizing Portfolio Diversification: Beyond Traditional Asset Classes","Investment Strategy","Portfolio Diversification, Risk Management, Asset Allocation, Investment Strategy, Modern Portfolio Theory","Effective portfolio diversification is the cornerstone of resilient wealth management, particularly for high-net-worth individuals seeking to mitigate risk while maximizing returns. Aurion Global Investments goes beyond conventional asset allocation, incorporating a diverse range of uncorrelated assets and sophisticated strategies to build truly robust portfolios. Our approach considers global economic cycles, geopolitical shifts, and emerging market trends to ensure optimal balance and protection against unforeseen market downturns. We meticulously craft bespoke portfolios designed to withstand volatility and deliver consistent, superior performance over the long term. Enhance your portfolio's resilience with our expert diversification strategies.",2024-04-18T13:30:00Z,"Eleanor Vance","https://static.wixstatic.com/media/8a5a87_f4ad00e7b4254e2581236ecdb56dcee7~mv2.png?originWidth=640&originHeight=640","Learn about advanced portfolio diversification strategies beyond traditional assets for high-net-worth investors to optimize returns and manage risk.","f0af2039-03a5-43a6-ba50-b2c25d973e1a",2025-09-06T18:45:33Z,2025-09-06T18:45:33Z,"8a5a87b5-4259-4e70-a4b4-48996f9cdc1d"
