﻿"Asset Class Name","Description","Asset Class Image","Average Return Rate","Risk Level","Minimum Investment","Key Benefits","ID","Created Date","Updated Date","Owner"
"Venture Capital","Early-stage investments in high-growth startups and innovative technology companies, providing capital for expansion in exchange for equity, with potential for exponential returns.","https://static.wixstatic.com/media/8a5a87_aa9837683a5645bc84bc89fc29567858~mv2.png?originWidth=640&originHeight=640",25,"Very High",500000,"Exposure to disruptive innovation, potential for outsized returns, direct impact on emerging industries, early access to future leaders.","031bc3a2-d53d-4608-99fa-8af3402e88eb",2025-09-06T18:45:11Z,2025-09-06T18:45:11Z,"8a5a87b5-4259-4e70-a4b4-48996f9cdc1d"
"Cryptocurrency","Invest in the rapidly evolving world of digital assets and blockchain technology. Our curated cryptocurrency portfolios offer exposure to leading digital currencies, DeFi protocols, and emerging Web3 innovations, designed for high-net-worth individuals seeking significant growth potential and portfolio diversification in the digital economy.","https://static.wixstatic.com/media/8a5a87_44596b2e227147d1acb99245137f31ef~mv2.png?originWidth=640&originHeight=640",28.7,"High",250000,"Access to groundbreaking technology, potential for exponential returns, portfolio diversification, hedge against traditional markets, and participation in the future of finance.","0e429acd-4a53-4594-a7f9-3902e478c632",2025-09-24T23:11:31Z,2025-09-24T23:11:31Z,"8a5a87b5-4259-4e70-a4b4-48996f9cdc1d"
"Hedge Funds","Sophisticated investment strategies employing diverse techniques to generate absolute returns, regardless of market conditions, managed by top-tier financial experts.","https://static.wixstatic.com/media/8a5a87_d6b0d117358d41099655c1bd36cbf8a9~mv2.png?originWidth=640&originHeight=640",12.8,"Medium-High",750000,"Absolute return focus, downside protection, broad diversification, access to complex strategies, expert management.","3695d7b7-b950-4475-ae1c-574fd109fe94",2025-09-06T18:45:11Z,2025-09-06T18:45:11Z,"8a5a87b5-4259-4e70-a4b4-48996f9cdc1d"
"Luxury Real Estate","Strategic investments in high-value residential and commercial properties in prime global locations, offering stable income streams and long-term capital appreciation.","https://static.wixstatic.com/media/8a5a87_91e4c8660af34b3eb2c795642c9eed85~mv2.png?originWidth=640&originHeight=640",9.2,"Medium",2000000,"Tangible asset ownership, stable income, inflation hedge, portfolio diversification, potential for significant appreciation.","39f8188c-07ca-4922-8930-4089d3223418",2025-09-06T18:45:11Z,2025-09-06T18:45:11Z,"8a5a87b5-4259-4e70-a4b4-48996f9cdc1d"
"Art & Collectibles","Curated investments in rare and valuable art, antiques, and unique collectibles, offering both cultural enrichment and significant appreciation potential as alternative assets.","https://static.wixstatic.com/media/8a5a87_06de3f91b2b340d194079ce895a76202~mv2.png?originWidth=640&originHeight=640",10.5,"Medium",300000,"Portfolio diversification, tangible asset, cultural value, potential for significant appreciation, hedge against market volatility.","68150cef-05a2-4f29-8d76-85dfbe47e4ad",2025-09-06T18:45:11Z,2025-09-06T18:45:11Z,"8a5a87b5-4259-4e70-a4b4-48996f9cdc1d"
"Precious Metals","Investments in physical gold, silver, platinum, and palladium, serving as a traditional safe haven asset, inflation hedge, and store of value during economic uncertainty.","https://static.wixstatic.com/media/8a5a87_f6fdde9c80e34df089d8f84511b2256c~mv2.png?originWidth=640&originHeight=640",7.1,"Low-Medium",250000,"Inflation hedge, portfolio diversification, safe haven asset, liquidity, protection against currency devaluation.","b1447b1c-4ead-4c6e-8a95-548a96f67e51",2025-09-06T18:45:11Z,2025-09-06T18:45:11Z,"8a5a87b5-4259-4e70-a4b4-48996f9cdc1d"
"Private Equity","Invest in established, non-public companies with significant growth potential, aiming for long-term capital appreciation through strategic operational improvements and market expansion.","https://static.wixstatic.com/media/8a5a87_a6134b80b9384c068e0eb02584a15905~mv2.png?originWidth=640&originHeight=640",18.5,"High",1000000,"Access to exclusive deals, significant capital appreciation, active management influence, diversification from public markets.","fae3a7a4-d45c-44b8-8002-5105db801192",2025-09-06T18:45:11Z,2025-09-06T18:45:11Z,"8a5a87b5-4259-4e70-a4b4-48996f9cdc1d"
