﻿"Service Name","Tagline","Description","Service Image","Key Benefits","Target Audience","Call to Action Link","ID","Created Date","Updated Date","Owner"
"Private Equity & Venture Capital","Accessing exclusive, high-growth private market opportunities.","Our Private Equity & Venture Capital service provides discerning investors with unparalleled access to carefully vetted private companies and innovative startups. We identify disruptive technologies, high-potential growth sectors, and established businesses poised for significant expansion, offering direct investment opportunities that are typically unavailable to the public market.","https://static.wixstatic.com/media/8a5a87_c631afb775e94c3797c7ded87799f228~mv2.png?originWidth=640&originHeight=640","Exclusive access to private deals, potential for exponential returns, direct investment in future-defining companies, diversification beyond public markets, strategic co-investment opportunities.","Accredited investors and institutional clients interested in high-risk, high-reward private market ventures.","https://www.aurionglobal.com/services/private-equity","6f6781ea-5ff2-4777-b1f3-fe93196912f8",2025-09-06T18:44:51Z,2025-09-06T18:44:51Z,"8a5a87b5-4259-4e70-a4b4-48996f9cdc1d"
"Global Asset Allocation","Diversifying your portfolio across international markets for superior returns.","Aurion Global Investments specializes in sophisticated global asset allocation strategies designed to capture opportunities in diverse international markets. We leverage proprietary research and advanced analytical models to identify emerging trends and undervalued assets worldwide, constructing resilient portfolios that mitigate regional risks while maximizing global growth potential.","https://static.wixstatic.com/media/8a5a87_5dea515e16c24c0d830fc9e2ffdda206~mv2.png?originWidth=640&originHeight=640","Geographic diversification, access to exclusive international opportunities, enhanced risk-adjusted returns, protection against localized market volatility, expert global insights.","Elite investors with a global outlook seeking diversified exposure and robust international growth.","https://www.aurionglobal.com/services/global-allocation","8bf7e439-03cb-45b3-88e9-fcc21bb54f21",2025-09-06T18:44:51Z,2025-09-06T18:44:51Z,"8a5a87b5-4259-4e70-a4b4-48996f9cdc1d"
"Strategic Wealth Management","Preserving and growing your legacy with bespoke financial strategies.","Our Strategic Wealth Management service offers a holistic approach to managing significant assets. We develop personalized financial plans, integrating investment management, tax planning, estate planning, and risk management to ensure your wealth grows securely and efficiently across generations. Our methodology combines rigorous market analysis with a deep understanding of your unique financial aspirations.","https://static.wixstatic.com/media/8a5a87_f7d7f9d6ff0d4520ac5820654e49e025~mv2.png?originWidth=640&originHeight=640","Optimized portfolio performance, comprehensive financial planning, intergenerational wealth transfer, enhanced tax efficiency, dedicated expert advisory.","High-net-worth individuals, family offices, and ultra-high-net-worth investors seeking integrated financial solutions.","https://www.aurionglobal.com/services/wealth-management","9f3b02ae-6d6f-4153-beb4-615b91d503e4",2025-09-06T18:44:51Z,2025-09-06T18:44:51Z,"8a5a87b5-4259-4e70-a4b4-48996f9cdc1d"
"Mergers & Acquisitions Advisory","Strategic guidance for transformative corporate transactions.","Aurion Global offers expert M&A advisory services, guiding businesses through complex mergers, acquisitions, divestitures, and strategic alliances. Our team provides comprehensive support from target identification and valuation to negotiation and post-merger integration, ensuring seamless execution and optimal outcomes that drive long-term value creation.","https://static.wixstatic.com/media/8a5a87_3df18fe9a40f4f22a5cb8b167cf632db~mv2.png?originWidth=640&originHeight=640","Maximized transaction value, seamless deal execution, strategic growth opportunities, risk mitigation in complex transactions, expert negotiation support.","Corporations, private equity firms, and high-growth businesses seeking strategic M&A expertise.","https://www.aurionglobal.com/services/m-a-advisory","cb93811d-f0d7-498b-bcc9-bc0662e38f42",2025-09-06T18:44:51Z,2025-09-06T18:44:51Z,"8a5a87b5-4259-4e70-a4b4-48996f9cdc1d"
"Philanthropic Investment Consulting","Aligning your wealth with purpose through impactful giving.","Our Philanthropic Investment Consulting service helps high-net-worth individuals and families develop strategic giving plans that maximize social impact while aligning with financial objectives. We advise on foundation creation, impact investing, and charitable trusts, ensuring your philanthropic endeavors are both meaningful and tax-efficient.","https://static.wixstatic.com/media/8a5a87_6f74122bf78047a391809d53394ae9d1~mv2.png?originWidth=640&originHeight=640","Maximized social impact, tax-efficient giving strategies, legacy building, alignment of values with investments, expert guidance on charitable structures.","Philanthropists, family offices, and individuals committed to impactful giving and sustainable investment.","https://www.aurionglobal.com/services/philanthropy","cc61af63-f76f-4b21-8210-a7c449128419",2025-09-06T18:44:51Z,2025-09-06T18:44:51Z,"8a5a87b5-4259-4e70-a4b4-48996f9cdc1d"
"Luxury Real Estate Investment","Curated opportunities in prime global luxury properties.","Invest in the world's most coveted luxury real estate markets with Aurion Global. We provide exclusive access to off-market properties, high-yield development projects, and prime commercial assets in prestigious locations. Our expertise spans residential, commercial, and hospitality sectors, offering a tangible and appreciating asset class for your portfolio.","https://static.wixstatic.com/media/8a5a87_659839831f474de4ba60ace734aa3e92~mv2.png?originWidth=640&originHeight=640","Access to exclusive properties, strong capital appreciation potential, portfolio diversification with tangible assets, expert market insights, bespoke property sourcing.","Investors seeking high-value, stable asset classes and those interested in diversifying into luxury real estate.","https://www.aurionglobal.com/services/luxury-real-estate","d345a74d-c4f0-4d06-9a42-fed3b06adf38",2025-09-06T18:44:51Z,2025-09-06T18:44:51Z,"8a5a87b5-4259-4e70-a4b4-48996f9cdc1d"
