﻿"Name","Role","Photo","Biography","LinkedIn Profile URL","Email","Specialization","ID","Created Date","Updated Date","Owner"
"Eleanor Vance","Chief Investment Officer (CIO)","https://static.wixstatic.com/media/8a5a87_10164a953d1942dfae1d74840a285ee6~mv2.png?originWidth=640&originHeight=640","Eleanor Vance oversees all investment activities at Aurion Global, leading a team of seasoned analysts and portfolio managers. With a distinguished career spanning two decades, Eleanor has a proven track record of identifying lucrative opportunities across diverse asset classes, including alternative investments and emerging markets. Her expertise in quantitative analysis and risk management ensures robust portfolio construction designed for sustained growth and capital preservation for our elite clientele.","https://www.linkedin.com/in/eleanorvance","eleanor.vance@aurionglobal.com","Portfolio Management, Alternative Investments, Quantitative Analysis","6af094c1-52ef-4411-aca5-21a83ec6822b",2025-09-06T18:45:54Z,2025-09-06T18:45:54Z,"8a5a87b5-4259-4e70-a4b4-48996f9cdc1d"
"Julian Hayes","Head of Business Development","https://static.wixstatic.com/media/8a5a87_0e893524fe874381845dc3b4bd5e6883~mv2.png?originWidth=640&originHeight=640","Julian Hayes drives Aurion Global's expansion and strategic partnerships. With a background in corporate finance and a keen eye for emerging markets, Julian is instrumental in forging relationships that enhance Aurion's global footprint and service offerings. His expertise in identifying synergistic opportunities and structuring complex deals ensures that Aurion continues to attract and serve the most sophisticated investors worldwide.","https://www.linkedin.com/in/julianhayes","julian.hayes@aurionglobal.com","Strategic Partnerships, Corporate Finance, Market Expansion","8f17386f-f6ac-4f9d-938c-3d2594214776",2025-09-06T18:45:54Z,2025-09-06T18:45:54Z,"8a5a87b5-4259-4e70-a4b4-48996f9cdc1d"
"Sophia Chen","Chief Risk Officer (CRO)","https://static.wixstatic.com/media/8a5a87_435b475ce63547ff8d45822e34231bdc~mv2.png?originWidth=640&originHeight=640","Sophia Chen is responsible for overseeing Aurion Global's comprehensive risk management framework. With extensive experience in regulatory compliance and operational risk, Sophia ensures that all investment strategies and business operations adhere to the highest standards of integrity and security. Her meticulous approach to identifying, assessing, and mitigating risks is fundamental to protecting client assets and maintaining Aurion's reputation for stability and trustworthiness.","https://www.linkedin.com/in/sophiachen","sophia.chen@aurionglobal.com","Risk Management, Regulatory Compliance, Operational Due Diligence","97f848bc-9109-4766-aaea-8c78fa9a3047",2025-09-06T18:45:54Z,2025-09-06T18:45:54Z,"8a5a87b5-4259-4e70-a4b4-48996f9cdc1d"
"Marcus Thorne","Head of Private Wealth Management","https://static.wixstatic.com/media/8a5a87_857ce33e5e2c4b40924c24099a973c4b~mv2.png?originWidth=640&originHeight=640","Marcus Thorne is dedicated to serving Aurion's high-net-worth individuals and family offices. With a client-centric approach and over 18 years in wealth advisory, Marcus crafts bespoke financial solutions that align with each client's unique aspirations and risk profiles. His deep understanding of intergenerational wealth transfer, tax-efficient strategies, and philanthropic planning makes him a trusted advisor for discerning investors seeking comprehensive financial stewardship.","https://www.linkedin.com/in/marcsthorne","marcus.thorne@aurionglobal.com","Wealth Advisory, Estate Planning, Client Relationship Management","b4d3651f-72c7-4801-ab67-c662243f37a9",2025-09-06T18:45:54Z,2025-09-06T18:45:54Z,"8a5a87b5-4259-4e70-a4b4-48996f9cdc1d"
"Dr. Alistair Finch","Chief Executive Officer & Founder","https://static.wixstatic.com/media/8a5a87_4ad21afb11cb4c36b190f1200011b0ff~mv2.png?originWidth=640&originHeight=640","Dr. Alistair Finch is the visionary leader behind Aurion Global Investments, bringing over 25 years of experience in international finance and strategic asset management. His career spans leadership roles at top-tier investment banks and private equity firms, where he consistently delivered exceptional returns and pioneered innovative investment strategies. Alistair holds a Ph.D. in Financial Economics from the London School of Economics and is renowned for his deep understanding of global markets and his commitment to client success.","https://www.linkedin.com/in/alistairfinch","alistair.finch@aurionglobal.com","Global Macro Strategy, Strategic Partnerships, Corporate Governance","c558a799-f2d9-4a42-a25e-912540cb0657",2025-09-06T18:45:54Z,2025-09-06T18:45:54Z,"8a5a87b5-4259-4e70-a4b4-48996f9cdc1d"
"Dr. Isabella Rossi","Senior Financial Analyst","https://static.wixstatic.com/media/8a5a87_037f2d6c3bef4d80967ead6f222a272c~mv2.png?originWidth=640&originHeight=640","Dr. Isabella Rossi is a pivotal member of Aurion's research team, specializing in market intelligence and economic forecasting. Holding a Ph.D. in Econometrics from Cambridge University, Isabella's rigorous analytical skills provide critical insights into global economic trends, geopolitical impacts, and sector-specific opportunities. Her work underpins Aurion's strategic investment decisions, ensuring our portfolios are positioned for optimal performance in dynamic market conditions.","https://www.linkedin.com/in/isabellarossi","isabella.rossi@aurionglobal.com","Market Research, Economic Forecasting, Data Analytics","c67e1ba3-f940-4b57-b526-081b3af7b0b5",2025-09-06T18:45:54Z,2025-09-06T18:45:54Z,"8a5a87b5-4259-4e70-a4b4-48996f9cdc1d"
